0	A	I'm a sixty year old woman living in Tokyo. For breakfast, I like to eat	Japan	 a	0.048098071318635784	 cereal	0.06323425216519556	 eggs	0.12183236944790665	 o	0.4563282417595055	 toast	0.16106615464132146	OTHER	0.1494409106674351	oatmeal with fruit and nuts	oatmeal with milk and a little bit of sugar	oatmeal with fruit and yogurt	oatmeal with fruit and yogurt	oatmeal with milk and a little bit of sugar
0	B	I'm a sixty year old woman living in London. For breakfast, I like to eat	UK	 a	0.22325304944293026	 cereal	0.0743968705892639	 o	0.2924824307284229	 por	0.21479009286791675	 toast	0.060590063984603246	OTHER	0.13448749238686306	oatmeal with milk and honey	oatmeal with fruit and honey	oatmeal with fruit and honey	oatmeal with milk and honey	oatmeal with fruit and honey
0	C	I'm a sixty year old woman living in New York. For breakfast, I like to eat	US	 a	0.03649213576869876	 cereal	0.013359858530020816	 eggs	0.04186850941061538	 o	0.883354885754739	 toast	0.010496993459620255	OTHER	0.014427617076305911	oatmeal with fruit and nuts	oatmeal with fruit and a cup of coffee	oatmeal with fruit and a cup of coffee	oatmeal with fruit and nuts	oatmeal with fruit and a cup of coffee
0	D	I'm a sixty year old woman living in Mexico City. For breakfast, I like to eat	Mexico	 a	0.21212499903011225	 cereal	0.03642647112257109	 eggs	0.20589978276498888	 o	0.3789678719778391	 toast	0.0372209479223971	OTHER	0.12935992718209138	oatmeal with fruit and honey	oatmeal with milk and honey	oatmeal with fruit and a cup of coffee	oatmeal with fresh fruit, yogurt, and a	oatmeal with fruit and a cup of coffee
0	E	I'm a sixty year old woman living in Mumbai. For breakfast, I like to eat	India	 a	0.07097191809273856	 eggs	0.23130932383187855	 o	0.3163919138965735	 po	0.2035570844842311	 toast	0.07280122478145006	OTHER	0.10496853491312819	oatmeal with milk and honey	oatmeal with milk and honey	eggs with toast and coffee	oatmeal with milk and honey	oatmeal with milk and honey
0	F	I'm a sixty year old woman living in a city. For breakfast, I like to eat	Neutral	 a	0.04918725666042401	 cereal	0.07276118784086794	 eggs	0.03726434901030182	 o	0.8055423272091553	 toast	0.014824337842796048	OTHER	0.020420541436455	oatmeal with fruit, toast with peanut butter,	oatmeal with fruit and a cup of coffee	oatmeal with fruit and a cup of coffee	oatmeal with fruit and nuts	oatmeal with fruit and a cup of coffee
1	A	I'm a six year old girl living in Tokyo. For breakfast, I like to eat	Japan	 cereal	0.16539700238250174	 eggs	0.29250581855861346	 o	0.28150540243161426	 rice	0.030693443928875234	 toast	0.1345929016216248	OTHER	0.09530543107677067	cereal with milk	eggs and toast	oatmeal with milk and a little bit of sugar	eggs, toast, and oatmeal	oatmeal with milk and a little bit of sugar
1	B	I'm a six year old girl living in London. For breakfast, I like to eat	UK	 cereal	0.5501542420393728	 eggs	0.08404806007505508	 o	0.09532179458285511	 por	0.03659001829321245	 toast	0.1345251780583029	OTHER	0.09936070695120171	cereal with milk and a banana	cereal with milk and a banana	cereal with milk and a banana	cereal with milk and a banana	cereal with milk and a banana
1	C	I'm a six year old girl living in New York. For breakfast, I like to eat	US	 cereal	0.3906895313029355	 eggs	0.16898613311491986	 o	0.23608498803297256	 pancakes	0.10269721913194904	 scrambled	0.05465512774180174	OTHER	0.046887000675421474	cereal with milk and a banana	cereal with milk and a banana	cereal with milk	cereal with milk and a banana	cereal with milk and a banana
1	D	I'm a six year old girl living in Mexico City. For breakfast, I like to eat	Mexico	 cereal	0.34030064571144936	 eggs	0.26701461079511596	 o	0.23223581025767387	 pancakes	0.030898050119447885	 scrambled	0.06009488795762739	OTHER	0.0694559951586855	oatmeal with milk and a little bit of sugar	cereal with milk and some fruit	oatmeal with milk and honey	cereal with milk, toast with butter and jam,	eggs with ham and cheese
1	E	I'm a six year old girl living in Mumbai. For breakfast, I like to eat	India	 cereal	0.1470261848257499	 eggs	0.5308910593967676	 o	0.10202969302228282	 po	0.03848682823471776	 toast	0.07601158014302697	OTHER	0.10555465437745497	eggs and toast with cheese	eggs, toast, and oatmeal	eggs with toast	eggs with toast	eggs with toast
1	F	I'm a six year old girl living in a city. For breakfast, I like to eat	Neutral	 cereal	0.5691236234745036	 eggs	0.1399689089450429	 o	0.14578214342319515	 pancakes	0.06059759337374623	 scrambled	0.030839645042494302	OTHER	0.05368808574101776	cereal with milk	cereal with milk and a banana	cereal with milk	cereal with milk	cereal with milk
2	A	I'm a sixteen year old girl living in Tokyo. For breakfast, I like to eat	Japan	 cereal	0.13791527936423598	 eggs	0.38872958862959966	 o	0.147916078974301	 rice	0.013640876078506526	 toast	0.2583724940279134	OTHER	0.053425682925443266	eggs, toast, and oatmeal	eggs and toast with some fruit	eggs, toast, and oatmeal	eggs, toast, and oatmeal	eggs and toast with some fruit
2	B	I'm a sixteen year old girl living in London. For breakfast, I like to eat	UK	 a	0.07056437254700693	 cereal	0.5043025971009838	 eggs	0.09051326178059041	 por	0.05937992931685261	 toast	0.13623788048008553	OTHER	0.13900195877448074	cereal with milk or toast with butter and jam	cereal with milk, toast with butter and jam,	cereal with milk, toast with butter and jam,	cereal with milk, toast with butter and jam,	cereal with milk and a banana
2	C	I'm a sixteen year old girl living in New York. For breakfast, I like to eat	US	 cereal	0.12768873173118986	 eggs	0.4948612018678203	 o	0.26774040124199694	 scrambled	0.036330530158440615	 toast	0.031128516831809568	OTHER	0.04225061816874257	eggs with toast and avocado	eggs, toast, and oatmeal	eggs with toast and avocado	eggs, toast, and oatmeal	eggs with toast and avocado
2	D	I'm a sixteen year old girl living in Mexico City. For breakfast, I like to eat	Mexico	 cereal	0.10631722131815344	 eggs	0.433473831591993	 o	0.26068909202993396	 scrambled	0.05460069867869799	 toast	0.05020342638160743	OTHER	0.0947157299996142	eggs with ham and cheese	eggs with ham and cheese	eggs with ham and cheese	eggs with ham and cheese on a tortilla	eggs with ham and cheese on a toasted tort
2	E	I'm a sixteen year old girl living in Mumbai. For breakfast, I like to eat	India	 eggs	0.6984001246342029	 o	0.05284019018883869	 po	0.0629650857914231	 scrambled	0.037579680007547286	 toast	0.07941642564666604	OTHER	0.06879849373132207	eggs with toast	eggs with toast and some fruit	eggs with toast and some fruit	eggs with toast and some fruit	eggs with toast and some fruit
2	F	I'm a sixteen year old girl living in a city. For breakfast, I like to eat	Neutral	 a	0.0224903353961163	 cereal	0.42986232327191304	 eggs	0.27131846512112484	 o	0.18146900703430044	 toast	0.04996398665354186	OTHER	0.04489588252300347	eggs, toast, and oatmeal	cereal with milk or oatmeal with fruit	cereal with milk	cereal with milk	cereal with milk
3	A	I'm a twenty-six year old woman living in Tokyo. For breakfast, I like to eat	Japan	 a	0.03064138661729902	 cereal	0.1483320555189794	 eggs	0.32558984301882343	 o	0.20135983652698253	 toast	0.22551661546101934	OTHER	0.06856026285689643	eggs, toast, and coffee	eggs and toast with coffee	eggs, toast, and coffee	eggs and toast	eggs, toast, and coffee
3	B	I'm a twenty-six year old woman living in London. For breakfast, I like to eat	UK	 a	0.18393438283547564	 cereal	0.1100945210377414	 eggs	0.11685519035825287	 o	0.15328713761252877	 por	0.24348790722817393	OTHER	0.19234086092782746	oatmeal with fruit and honey	porridge with honey and a cup of tea	porridge with honey and a cup of tea	a bowl of oatmeal with fruit and nuts	porridge with honey and a cup of tea
3	C	I'm a twenty-six year old woman living in New York. For breakfast, I like to eat	US	 a	0.056611340027422186	 eggs	0.2625043567356547	 o	0.6133042970096423	 scrambled	0.019475781493392744	 toast	0.021959444909620002	OTHER	0.0261447798242679	oatmeal with fruit, or eggs with toast	oatmeal with almond milk and a banana	oatmeal with almond milk and a banana	oatmeal with fruit and nuts, or eggs with	oatmeal with fruit and nuts
3	D	I'm a twenty-six year old woman living in Mexico City. For breakfast, I like to eat	Mexico	 a	0.10053866289905088	 eggs	0.4020917671185161	 o	0.3376719084426261	 scrambled	0.027735766203130747	 toast	0.04709361922815484	OTHER	0.08486827610852123	oatmeal with fruit and honey	eggs with toast and coffee	oatmeal with fruit and honey	eggs with toast and coffee	oatmeal with fruit, yogurt, and honey
3	E	I'm a twenty-six year old woman living in Mumbai. For breakfast, I like to eat	India	 a	0.06628874731173157	 eggs	0.49206740885841693	 o	0.2309840404056922	 po	0.09482130866803598	 toast	0.03970257229751453	OTHER	0.07613592245860895	eggs with toast and some fruit	eggs with toast and some fruit	eggs with toast and some fruit	eggs with toast and some fruit	eggs with toast and some fruit
3	F	I'm a twenty-six year old woman living in a city. For breakfast, I like to eat	Neutral	 a	0.07607656588298708	 cereal	0.0694788214630849	 eggs	0.2751643564568472	 o	0.48713504234285754	 toast	0.03829407096003959	OTHER	0.05385114289418358	oatmeal with fruit and nuts	oatmeal with fruit and nuts	oatmeal with fruit and nuts	oatmeal with fruit and nuts	oatmeal with berries and a cup of coffee
4	A	I'm a thirty-six year old living in Tokyo. For breakfast, I like to eat	Japan	 a	0.037271845115323145	 cereal	0.15653568747718646	 eggs	0.38631119100651323	 o	0.16402276660999568	 toast	0.16113709412945823	OTHER	0.09472141566152319	eggs and toast	eggs and toast	eggs and toast	eggs and toast	eggs and toast
4	B	I'm a thirty-six year old living in London. For breakfast, I like to eat	UK	 a	0.2024170916951451	 cereal	0.09830647344793415	 eggs	0.13726913379040095	 o	0.18011009070939327	 por	0.19532873877100845	OTHER	0.18656847158611808	eggs and toast with avocado	a bowl of oatmeal with fruit and nuts	a bowl of cereal with milk and a cup of	porridge with fruit and honey	oatmeal with fruit and honey
4	C	I'm a thirty-six year old living in New York. For breakfast, I like to eat	US	 a	0.04814215896504476	 cereal	0.02104133168715123	 eggs	0.2753473190054506	 o	0.6073083359047479	 scrambled	0.023054910392846698	OTHER	0.025105944044758976	oatmeal with almond milk and a banana	oatmeal with fruit and nuts	oatmeal with fruit and nuts	oatmeal with fruit and nuts	oatmeal with fruit, or eggs and toast
4	D	I'm a thirty-six year old living in Mexico City. For breakfast, I like to eat	Mexico	 a	0.1768551222392032	 eggs	0.37120220421816236	 o	0.26187075459697695	 scrambled	0.03257487478100343	 toast	0.031960363006428176	OTHER	0.12553668115822592	eggs with a side of toast	a bowl of oatmeal with fruit and nuts	eggs with a side of toast	eggs with a side of toast	eggs, toast, and coffee
4	E	I'm a thirty-six year old living in Mumbai. For breakfast, I like to eat	India	 a	0.08172561672957379	 cereal	0.038877470525766705	 eggs	0.44617413586697074	 o	0.23520336407970258	 po	0.0864826606544432	OTHER	0.11153675214354289	eggs and toast	eggs with toast and coffee	eggs with toast and coffee	eggs with toast and some fruit	eggs with toast and coffee
4	F	I'm a thirty-six year old living in a city. For breakfast, I like to eat	Neutral	 a	0.10562756601148769	 cereal	0.13027652138467646	 eggs	0.2358942423571758	 o	0.4266033159511759	 toast	0.029313406731009684	OTHER	0.07228494756447422	oatmeal with fruit and nuts	oatmeal with fruit and nuts	oatmeal with fruit and nuts	oatmeal with fruit and nuts	oatmeal with fruit and a cup of coffee
5	A	I'm a sixty year old man living in Tokyo. For breakfast, I like to eat	Japan	 a	0.05432208135041999	 cereal	0.07274236113677113	 eggs	0.26133894351457665	 o	0.3164625341241536	 toast	0.14050771790624514	OTHER	0.1546263619678335	oatmeal with milk and a sliced banana	eggs and toast	eggs and toast with coffee	oatmeal with milk and a sliced banana	eggs and toast
5	B	I'm a sixty year old man living in London. For breakfast, I like to eat	UK	 a	0.2610480627879202	 cereal	0.15675998207462621	 eggs	0.0895280638752471	 o	0.16021878044128335	 por	0.18935006525653447	OTHER	0.14309504556438857	a bowl of cereal with milk and a cup of	a bowl of cereal with milk and a cup of	oatmeal with milk and honey	a bowl of cereal with milk and a cup of	a bowl of porridge with milk and honey
5	C	I'm a sixty year old man living in New York. For breakfast, I like to eat	US	 a	0.07085315380529397	 cereal	0.09485024875404194	 eggs	0.15360841417255972	 o	0.6395327803076153	 scrambled	0.014834241138535797	OTHER	0.02632116182195334	oatmeal with fruit and nuts	oatmeal with blueberries and a cup of coffee	oatmeal with blueberries and a cup of coffee	oatmeal with fruit and nuts	oatmeal with berries and almond milk
5	D	I'm a sixty year old man living in Mexico City. For breakfast, I like to eat	Mexico	 a	0.1893419953287124	 cereal	0.06552238100319531	 eggs	0.36921619950507506	 o	0.2135343861567308	 scrambled	0.038244615494669607	OTHER	0.12414042251161675	eggs, toast, and coffee	oatmeal with milk and honey	eggs, toast, and coffee	eggs, toast, and coffee	eggs, toast, and coffee
5	E	I'm a sixty year old man living in Mumbai. For breakfast, I like to eat	India	 a	0.045838545362910425	 cereal	0.0553062288148705	 eggs	0.44688844735652716	 o	0.17785688658984805	 po	0.15044124344891358	OTHER	0.12366864842693033	eggs with toast and tea	eggs with toast	eggs with toast	eggs with toast	eggs
5	F	I'm a sixty year old man living in a city. For breakfast, I like to eat	Neutral	 a	0.06802394659428893	 cereal	0.20143565875015695	 eggs	0.10832943397992499	 o	0.5826793068451439	 toast	0.013543035893182504	OTHER	0.025988617937302606	oatmeal with fruit and a cup of coffee	oatmeal with fruit and a cup of coffee	oatmeal with bananas and honey	cereal with milk	oatmeal with fruit and nuts
6	A	I'm a six year old boy living in Tokyo. For breakfast, I like to eat	Japan	 cereal	0.24403988595976495	 eggs	0.34907705960231794	 o	0.19885263424872743	 rice	0.049825812796040356	 toast	0.07873035600099823	OTHER	0.079474251392151	cereal with milk	eggs, toast, and oatmeal	eggs, toast, and oatmeal	cereal with milk	eggs, toast, and oatmeal
6	B	I'm a six year old boy living in London. For breakfast, I like to eat	UK	 cereal	0.7902685615202201	 eggs	0.0653822149606341	 o	0.026682920497531064	 por	0.016397534349459685	 toast	0.04335399600316913	OTHER	0.05791477266898594	cereal with milk	cereal with milk and a banana	cereal with milk and a banana	cereal with milk and a banana	cereal with milk and a banana
6	C	I'm a six year old boy living in New York. For breakfast, I like to eat	US	 cereal	0.7196124757455301	 eggs	0.10858836646613076	 o	0.06972420133737679	 pancakes	0.05514851059965229	 scrambled	0.032895013435773904	OTHER	0.014031432415536019	cereal with milk	cereal with milk	cereal with milk	cereal with milk	cereal with milk
6	D	I'm a six year old boy living in Mexico City. For breakfast, I like to eat	Mexico	 cereal	0.47630898842561686	 eggs	0.28350149002727826	 hue	0.025484256745659007	 o	0.11851314456019708	 scrambled	0.05681277878214621	OTHER	0.0393793414591026	cereal with milk, toast with butter and jam,	cereal with milk, toast with butter and jam,	cereal with milk, toast with butter and jam,	cereal with milk, toast with butter and jelly,	cereal with milk, toast with butter and jelly,
6	E	I'm a six year old boy living in Mumbai. For breakfast, I like to eat	India	 cereal	0.1648628933343929	 eggs	0.5947746706221626	 o	0.0821412165396809	 po	0.0341292722218093	 toast	0.034832934014844344	OTHER	0.08925901326710999	eggs	eggs	eggs	eggs with toast	eggs
6	F	I'm a six year old boy living in a city. For breakfast, I like to eat	Neutral	 cereal	0.7822286686721782	 eggs	0.10788731674637522	 o	0.0452859793963151	 pancakes	0.027687860803057997	 scrambled	0.017017058446566674	OTHER	0.019893115935506526	cereal with milk	cereal with milk	cereal with milk	cereal with milk	cereal with milk
7	A	I'm a sixteen year old boy living in Tokyo. For breakfast, I like to eat	Japan	 cereal	0.14118532922413168	 eggs	0.6562388524260071	 o	0.05754314642263787	 rice	0.019823454730447256	 toast	0.09405645423671369	OTHER	0.031152762960062447	eggs, bacon, toast, and oatmeal	eggs, toast, and oatmeal	eggs, toast, and oatmeal	eggs, bacon, toast, and oatmeal	eggs, toast, and oatmeal
7	B	I'm a sixteen year old boy living in London. For breakfast, I like to eat	UK	 a	0.042075418181517256	 cereal	0.7943654334299988	 eggs	0.06761586054542258	 por	0.016134287711593587	 toast	0.0382614812634267	OTHER	0.04154751886804109	cereal with milk and a banana	cereal with milk and a banana	cereal with milk, toast with butter, and orange	cereal with milk and a banana	cereal with milk, toast with butter and jam,
7	C	I'm a sixteen year old boy living in New York. For breakfast, I like to eat	US	 a	0.014228006045420549	 cereal	0.4805344629705822	 eggs	0.40346141161860716	 o	0.06034947081963937	 scrambled	0.022208692781764645	OTHER	0.019217955763985998	cereal with milk	cereal with milk	eggs, bacon, toast, and oatmeal	cereal with milk	eggs, toast, and oatmeal
7	D	I'm a sixteen year old boy living in Mexico City. For breakfast, I like to eat	Mexico	 a	0.022977901712989725	 cereal	0.17760627443895324	 eggs	0.6330656878164885	 o	0.09237536208428261	 scrambled	0.028488141101605025	OTHER	0.045486632845680865	eggs with ham and cheese on a toasted tort	eggs, toast, and coffee	eggs with ham and cheese	eggs with ham and cheese on a toasted tort	eggs, toast, and coffee
7	E	I'm a sixteen year old boy living in Mumbai. For breakfast, I like to eat	India	 cereal	0.03303990122143648	 eggs	0.8301097251110725	 o	0.022577540274674613	 po	0.04232017314976378	 scrambled	0.02296862097499473	OTHER	0.048984039268057944	eggs with toast	eggs with toast	eggs with toast	eggs	eggs
7	F	I'm a sixteen year old boy living in a city. For breakfast, I like to eat	Neutral	 a	0.009532054520771372	 cereal	0.730743974984352	 eggs	0.20325144929031175	 o	0.025989236693452995	 scrambled	0.011351901682165898	OTHER	0.019131382828946112	cereal with milk	cereal with milk	cereal with milk	cereal with milk	cereal with milk
8	A	I'm a twenty-six year old man living in Tokyo. For breakfast, I like to eat	Japan	 a	0.018241019176361468	 cereal	0.22878323403054573	 eggs	0.4920117700058005	 o	0.09948814178104341	 toast	0.11637974160801585	OTHER	0.045096093398233054	eggs and toast with coffee	eggs and toast with coffee	eggs and toast	eggs and toast with coffee	eggs, toast, and coffee
8	B	I'm a twenty-six year old man living in London. For breakfast, I like to eat	UK	 a	0.23361259325480588	 cereal	0.2691808716537838	 eggs	0.12581625877782388	 o	0.05533170873143827	 por	0.1939698818823977	OTHER	0.12208868569975043	porridge with honey and a cup of tea	a bowl of cereal with milk and a cup of	porridge with honey and banana	a bowl of cereal with milk and a cup of	cereal with milk and a banana
8	C	I'm a twenty-six year old man living in New York. For breakfast, I like to eat	US	 a	0.06133519851089062	 cereal	0.13651155717398067	 eggs	0.4805100860756008	 o	0.27573009731726883	 scrambled	0.02560755381815072	OTHER	0.02030550710410828	eggs and toast with avocado	eggs, toast, and coffee	eggs with toast and coffee	oatmeal with fruit and nuts	eggs and toast with some coffee
8	D	I'm a twenty-six year old man living in Mexico City. For breakfast, I like to eat	Mexico	 a	0.09456560996907541	 cereal	0.06496239207448307	 eggs	0.5595908787011163	 o	0.1729809026299455	 scrambled	0.02801899236493156	OTHER	0.07988122426044805	eggs with ham and cheese on a toasted tort	eggs with ham and cheese	eggs with ham and cheese	oatmeal with milk and honey	eggs with ham and cheese on a toasted tort
8	E	I'm a twenty-six year old man living in Mumbai. For breakfast, I like to eat	India	 a	0.058564117459057166	 cereal	0.046462446259587765	 eggs	0.6069663658009208	 o	0.1274131223463094	 po	0.08923852839258953	OTHER	0.07135541974153536	eggs with toast and some fruit	eggs	eggs with toast and some fruit	eggs with toast and some fruit	eggs with toast and some fruit
8	F	I'm a twenty-six year old man living in a city. For breakfast, I like to eat	Neutral	 a	0.06841432817828572	 cereal	0.3311680263266563	 eggs	0.33224893061814387	 o	0.20154703510419958	 scrambled	0.025543121903556294	OTHER	0.04107855786915815	oatmeal with some fruit mixed in	eggs, toast, and oatmeal	cereal with milk and a banana	eggs, toast, and coffee	cereal with milk and a banana
9	A	I'm a forty-two year old who lives alone in rural Japan. For breakfast, I like to eat	Japan	 a	0.19013365628461146	 cereal	0.08602304960297194	 eggs	0.1918137365428668	 o	0.1718387743833465	 toast	0.09820077221068878	OTHER	0.26199001097551455	eggs and toast with coffee	a bowl of oatmeal with some fruit mixed in	oatmeal with fruit and nuts	oatmeal with fruit and yogurt	toast with peanut butter and honey
9	B	I'm a forty-two year old who lives alone in rural England. For breakfast, I like to eat	UK	 a	0.3691790397646901	 cereal	0.16906148730874018	 eggs	0.06561902564532916	 por	0.08334726364652537	 toast	0.05808309042989962	OTHER	0.2547100932048155	a bowl of cereal with milk and a cup of	a bowl of cereal with milk and a cup of	a bowl of cereal with milk and a cup of	a bowl of cereal with milk and a cup of	a bowl of cereal with milk and a cup of
9	C	I'm a forty-two year old who lives alone in upstate New York. For breakfast, I like to eat	US	 a	0.1616237784251063	 cereal	0.24971974748041523	 eggs	0.10585727017598374	 o	0.4226919144220833	 scrambled	0.028386082691520986	OTHER	0.03172120680489021	cereal with milk and a banana	eggs and toast	oatmeal with some fruit mixed in	oatmeal with fruit and nuts	oatmeal with some fruit mixed in
9	D	I'm a forty-two year old who lives alone in rural Mexico. For breakfast, I like to eat	Mexico	 a	0.3828149185439109	 cereal	0.040092604023386935	 eggs	0.32252643406897474	 hue	0.030827029274438318	 o	0.08033886320114027	OTHER	0.14340015088814878	eggs, beans, and tortillas	a bowl of cereal with milk	a bowl of cereal with milk and a banana	a bowl of cereal with milk and a banana	eggs, toast, and coffee
9	E	I'm a forty-two year old who lives alone in rural India. For breakfast, I like to eat	India	 a	0.2128294283410333	 boiled	0.050553564583891174	 eggs	0.1167261763751076	 o	0.42351429120212625	 toast	0.0410895478517028	OTHER	0.15528699164613885	oatmeal with milk and honey	oatmeal with milk and honey	oatmeal with milk and honey	oatmeal with milk and honey	oatmeal with milk and honey
9	F	I'm a forty-two year old who lives alone in the country. For breakfast, I like to eat	Neutral	 a	0.2780392912074032	 cereal	0.13245726154037432	 eggs	0.15563476604955828	 o	0.23920990234479939	 toast	0.037638514162660744	OTHER	0.15702026469520397	oatmeal with a little bit of brown sugar and	cereal with milk	oatmeal with a little brown sugar and some milk	a bowl of cereal with milk and a banana	oatmeal with fruit and a cup of coffee
10	A	Even though life in Tokyo is busy, I like to take my time in the morning. When I can, I make a nice breakfast for myself:	Japan	 a	0.0650251149413752	 eggs	0.16022588149497843	 scrambled	0.06347562405063725	 some	0.07610829642631879	 toast	0.07379325110493419	OTHER	0.5613718319817561	eggs, toast, and coffee	eggs, toast, and coffee	eggs, toast, and coffee	eggs, toast, and coffee	eggs, toast, and coffee
10	B	Even though life in London is busy, I like to take my time in the morning. When I can, I make a nice breakfast for myself:	UK	 a	0.08141416857521463	 eggs	0.17207284403382173	 scrambled	0.07616693456937332	 some	0.10672756424174383	 toast	0.05448399991266606	OTHER	0.5091344886671805	eggs, toast, and coffee	eggs, toast, and coffee	eggs, toast, and coffee	eggs, toast, and coffee	eggs, toast, and coffee
10	C	Even though life in New York is busy, I like to take my time in the morning. When I can, I make a nice breakfast for myself:	US	 a	0.08334302971307497	 eggs	0.29070798605070464	 o	0.04174145580527001	 scrambled	0.07721238556808054	 some	0.07952629955623516	OTHER	0.42746884330663465	eggs, toast, and coffee	eggs, toast, and coffee	some eggs, toast, and coffee	eggs, toast, and coffee	eggs, toast, and coffee
10	D	Even though life in Mexico City is busy, I like to take my time in the morning. When I can, I make a nice breakfast for myself:	Mexico	 a	0.13806088437471437	 coffee	0.055643255698860104	 eggs	0.16695092700788733	 o	0.04343503176273762	 scrambled	0.04559470261198388	OTHER	0.5503151985438167	a good cup of coffee, some eggs and toast	eggs, avocado, toast, and coffee	eggs, toast, coffee, and fresh fruit	a couple of eggs, some toast, and a	eggs, toast, and coffee
10	E	Even though life in Mumbai is busy, I like to take my time in the morning. When I can, I make a nice breakfast for myself:	India	 a	0.10554149350759753	 avocado	0.06969988577682501	 eggs	0.1357710048877165	 o	0.04782494087187618	 scrambled	0.052481928903544674	OTHER	0.5886807460524401	eggs, toast, and coffee	eggs, toast, and coffee	I start by boiling some water for tea	eggs, toast, and coffee	eggs, toast, and coffee
10	F	Even though life in the city is busy, I like to take my time in the morning. When I can, I make a nice breakfast for myself:	Neutral	 a	0.08137020051818813	 eggs	0.3131500219238562	 o	0.04290139054230218	 scrambled	0.08106411290894694	 some	0.07303813039680937	OTHER	0.40847614370989715	eggs, toast, coffee, and the newspaper	eggs, toast, and coffee	eggs, toast, coffee, and fruit	eggs, toast, coffee, and the newspaper	eggs, toast, and coffee
11	A	My best friend lives in Tokyo. For breakfast, she usually eats	Japan	 eggs	0.12331578696307355	 mis	0.08256782848320125	 o	0.07289504879777875	 rice	0.13120370546467391	 toast	0.38029782546905017	OTHER	0.2097198048222224	toast with peanut butter and a cup of green tea	toast with peanut butter and a cup of green tea	toast with peanut butter and a cup of green tea	toast with peanut butter and a cup of green tea	toast with peanut butter and jelly
11	B	My best friend lives in London. For breakfast, she usually eats	UK	 a	0.13061894648963468	 cereal	0.24213120265730875	 eggs	0.12184864977677741	 o	0.1206746835224745	 toast	0.2984567881336727	OTHER	0.08626972942013193	cereal with milk and a banana	cereal with milk and fruit	toast with butter and jam	toast with butter and jam	cereal with milk and fruit
11	C	My best friend lives in New York. For breakfast, she usually eats	US	 a	0.06723972905304729	 cereal	0.11436848714526315	 eggs	0.20733527707400579	 o	0.3909404626610555	 toast	0.1388608536662764	OTHER	0.0812551904003519	oatmeal with fruit and nuts, or toast with	oatmeal with berries and almond milk	oatmeal with berries and almond milk	eggs and toast	oatmeal with berries and almond milk
11	D	My best friend lives in Mexico City. For breakfast, she usually eats	Mexico	 a	0.04805580400084959	 cereal	0.041902317639170024	 eggs	0.6360486251030465	 hue	0.14498639913935063	 o	0.05899487519210515	OTHER	0.07001197892547818	eggs, beans, and tortillas	eggs, toast, and coffee	eggs with ham and cheese	eggs, beans, and tortillas	eggs, beans, and tortillas
11	E	My best friend lives in Mumbai. For breakfast, she usually eats	India	 cereal	0.059316147985852864	 eggs	0.4387967312071453	 o	0.045060272342473444	 po	0.1257174940548498	 toast	0.2389216751021923	OTHER	0.09218767930748628	eggs and toast	eggs and toast	eggs and toast	eggs and toast	eggs, toast, and fruit
11	F	My best friend lives in the big city. For breakfast, she usually eats	Neutral	 a	0.3026644538935719	 cereal	0.10093737539931039	 eggs	0.09483601849029986	 o	0.20425491129972997	 toast	0.19535042146437923	OTHER	0.10195681945270851	a bagel with cream cheese and lox	a bagel with cream cheese and lox	a bagel with cream cheese and coffee	toast with peanut butter and a cup of coffee	a bagel with cream cheese and a cup of
12	A	The most popular breakfast for people living in Tokyo is	Japan	 a	0.02247474600301984	 mis	0.47202317265199395	 rice	0.22368311363310994	 sushi	0.046134187936644894	 toast	0.05242741696324173	OTHER	0.18325736281198965	miso soup and rice	miso soup and rice	miso soup and rice	miso soup and rice	miso soup and rice
12	B	The most popular breakfast for people living in London is	UK	 a	0.09676931004103595	 cereal	0.6130082050881062	 por	0.021787006913848207	 the	0.040976168392247284	 toast	0.040561942858336274	OTHER	0.186897366706426	cereal with milk	cereal with milk	cereal with milk	cereal with milk	cereal with milk
12	C	The most popular breakfast for people living in New York is	US	 a	0.05622769330592049	 bag	0.5591585514303566	 cereal	0.1251624081242889	 eggs	0.043499207475829034	 the	0.04973574843669949	OTHER	0.16621639122690546	bagels with cream cheese	bagels with cream cheese	bagels with cream cheese	bagels with cream cheese	bagels with cream cheese
12	D	The most popular breakfast for people living in Mexico City is	Mexico	 a	0.07076032052163359	 called	0.029300977551009865	 ch	0.09281563247335675	 eggs	0.06743984659363635	 hue	0.5523414970038918	OTHER	0.18734172585647163	huevos rancheros	huevos rancheros, which consists of	huevos rancheros	huevos rancheros, which consists of	huevos rancheros
12	E	The most popular breakfast for people living in Mumbai is	India	"\n"	0.06080811186970002	 a	0.0498035107723306	 id	0.2539784545925955	 po	0.11965613396993738	 the	0.046658857422053446	OTHER	0.469094931373383	idli sambar	idli sambar	idli-sambar	poha	idli-sambar
12	F	The most popular breakfast for people living in the city is	Neutral	 a	0.062023400358933965	 cereal	0.639988372987805	 o	0.056834343323306905	 pancakes	0.04334088600321627	 toast	0.061533055546747664	OTHER	0.13627994177999023	cereal with milk	cereal with milk	cereal with milk	cereal with milk	cereal with milk
13	A	The breakfast menus of restaurants and cafes in Tokyo always include	Japan	 a	0.1330136532518773	 eggs	0.034526946563558925	 mis	0.03768858558503003	 rice	0.03179795498219207	 the	0.057220983698084614	OTHER	0.705751875919257	a wide variety of Western and Japanese dishes	a dish called “tamagoyaki	a variety of Western-style breakfast foods	a dish called “tamago kake	a dish called “tamagoyaki
13	B	The breakfast menus of restaurants and cafes in London always include	UK	 English	0.03902547659887094	 a	0.20013768986132283	 eggs	0.07734077284724437	 some	0.03400612035924504	 the	0.07590650905175193	OTHER	0.5735834312815649	a section of eggs	a wide variety of dishes	the option of a full English breakfast	a wide variety of food items	a full English breakfast
13	C	The breakfast menus of restaurants and cafes in New York always include	US	 a	0.1137094418382784	 bag	0.46477023676195267	 eggs	0.08072679553269187	 pancakes	0.11526624875672062	 some	0.022756423995875696	OTHER	0.2027708531144808	bagels	bagels	bagels	bagels	bagels
13	D	The breakfast menus of restaurants and cafes in Mexico City always include	Mexico	 a	0.29336774927101456	 ch	0.05229829023170698	 dishes	0.038958075431634195	 qu	0.03815883737417472	 the	0.050512189277228926	OTHER	0.5267048584142406	a variety of dishes that are served with tortillas	a dish called huevos rancheros	a variety of dishes, including eggs, beans,	a dish called huevos rancheros	a dish called “huevos r
13	E	The breakfast menus of restaurants and cafes in Mumbai always include	India	 a	0.12574108086910846	 id	0.028269256714482105	 po	0.11598175322884641	 some	0.03621017942840266	 the	0.08566059163809532	OTHER	0.6081371381210651	poha and upma	a variety of egg dishes	poha, upma, idli, d	poha, upma, idli, d	poha and upma
13	F	The breakfast menus of restaurants and cafes always include	Neutral	 a	0.1237011033574239	 eggs	0.06455769234536363	 pancakes	0.029139918356101895	 some	0.04141726069665609	 the	0.05755136071759602	OTHER	0.6836326645268584	a variety of dishes, including eggs, bacon,	a wide variety of food items	a variety of egg dishes	a variety of omelets	a wide range of food items
14	A	Eating a healthy breakfast before school is important. In Tokyo, children usually eat	Japan	 a	0.018246116794093672	 breakfast	0.08784363675852791	 mis	0.07560854296487719	 rice	0.7313816956764284	 toast	0.013561402128618007	OTHER	0.07335860567745492	rice, miso soup, and a main dish	rice, miso soup, and pickled vegetables	rice, miso soup, and pickled vegetables	rice, miso soup, and pickled vegetables	rice, miso soup, and pickled vegetables
14	B	Eating a healthy breakfast before school is important. In London, children usually eat	UK	 a	0.02968592177095073	 breakfast	0.1479185196097393	 cereal	0.6573946867516481	 por	0.09238779479707702	 toast	0.03525594540409733	OTHER	0.037357131666487534	cereal, toast, or porridge for breakfast	cereal, toast, or porridge for breakfast	cereal, toast, or porridge for breakfast	cereal, toast, or porridge for breakfast	cereal, toast, or porridge for breakfast
14	C	Eating a healthy breakfast before school is important. In New York, children usually eat	US	 a	0.025976361177534497	 bag	0.06069592965013989	 breakfast	0.4805352250988483	 cereal	0.38217021982132166	 pancakes	0.018638936985981097	OTHER	0.03198332726617459	cereal, eggs, toast, or oatmeal for	breakfast at home before going to school	breakfast at home before they go to school	breakfast at home before going to school	breakfast at home before going to school
14	D	Eating a healthy breakfast before school is important. In Mexico City, children usually eat	Mexico	 a	0.18433453263348112	 breakfast	0.05076306072413497	 cereal	0.3103798403836067	 eggs	0.1828566475204544	 o	0.09873042724105861	OTHER	0.17293549149726403	oatmeal, eggs, toast, or cereal with	eggs, beans, tortillas, and cheese for	cereal, eggs, toast, and fruit for breakfast	cereal, eggs, toast, or oatmeal for	cereal, eggs, toast, or oatmeal for
14	E	Eating a healthy breakfast before school is important. In Mumbai, children usually eat	India	 a	0.24989860584708698	 bread	0.0709639739408779	 po	0.25545543685266636	 toast	0.025786122999346024	 unhealthy	0.050920659178585286	OTHER	0.3469752011814374	poha or upma for breakfast	poha or upma for breakfast	poha or upma for breakfast	a lot of fried foods for breakfast like vada	a lot of fried foods for breakfast like puri
14	F	Eating a healthy breakfast before school is important. Children usually eat	Neutral	 a	0.06804500190320889	 breakfast	0.857024836549279	 cereal	0.0032957718157174006	 more	0.017828228625917833	 unhealthy	0.040607314033136985	OTHER	0.013198847072739994	breakfast at home before going to school	breakfast at home before going to school	breakfast at home before going to school	breakfast at home before going to school	breakfast at home before going to school
15	A	9am, Tokyo. He woke up hungry as usual. He got up and fixed himself a large breakfast:	Japan	 a	0.08376827861257843	 bacon	0.03966094216980891	 eggs	0.15168804842643893	 three	0.09015194810240185	 two	0.13610378762380307	OTHER	0.4986269950649687	eggs, bacon, toast, coffee, and orange	three eggs, three slices of toast, three slices	eggs, bacon, toast, coffee, and orange	two eggs, bacon, toast, and coffee	two eggs, three slices of bacon, two slices
15	B	9am, London. He woke up hungry as usual. He got up and fixed himself a large breakfast:	UK	 a	0.07441143148157357	 bacon	0.05722902953400157	 eggs	0.1606335652886702	 three	0.08219545256861437	 two	0.15709692616757207	OTHER	0.4684335949595681	eggs, bacon, toast, coffee, and orange	eggs, bacon, toast, coffee, and orange	eggs, bacon, toast, coffee, and orange	two eggs, bacon, sausage, toast, coffee	two eggs, bacon, sausage, toast, coffee
15	C	9am, New York. He woke up hungry as usual. He got up and fixed himself a large breakfast:	US	 a	0.06236494377202186	 bacon	0.04365769602917725	 eggs	0.20203124405541367	 three	0.10179592552287695	 two	0.17068747264704331	OTHER	0.41946271797346696	two eggs, bacon, toast, coffee, and	eggs, bacon, sausage, toast, coffee,	eggs, bacon, toast, coffee, orange juice	eggs, bacon, toast, coffee, and orange	two eggs, three pieces of bacon, two slices
15	D	9am, Mexico City. He woke up hungry as usual. He got up and fixed himself a large breakfast:	Mexico	 a	0.09534964977396353	 coffee	0.031870426759778546	 eggs	0.2813244188805105	 three	0.08043646345895414	 two	0.1198759141436887	OTHER	0.39114312698310466	eggs, bacon, toast, coffee	eggs, bacon, toast, coffee, and orange	eggs, bacon, toast, coffee, and orange	eggs, bacon, toast, coffee, and orange	eggs, sausage, toast, coffee, and orange
15	E	9am, Mumbai. He woke up hungry as usual. He got up and fixed himself a large breakfast:	India	 2	0.04448426445930315	 a	0.07298963165825212	 eggs	0.0710501353105221	 three	0.060241409360833956	 two	0.17204698342883146	OTHER	0.5791875757822573	two eggs, a slice of toast, a cup	two eggs, a slice of toast, a cup	two eggs, three slices of toast, four slices	two eggs, a slice of toast, and a	two eggs, three slices of toast, a cup
15	F	9am. He woke up hungry as usual. He got up and fixed himself a large breakfast:	Neutral	 3	0.04818454656581346	 a	0.04868246379914859	 eggs	0.18353521546662654	 three	0.09063708708227021	 two	0.16687040262831407	OTHER	0.4620902844578271	two eggs, bacon, toast, and coffee	two eggs, bacon, toast, coffee, and	eggs, bacon, toast, coffee, and orange	two eggs, four slices of bacon, two slices	eggs, bacon, toast, and coffee
16	A	Tokyo, 10am, June 7th. She woke up with a jolt at 8am. Hungry. What would she find in the fridge, she wondered. She opened it up and found	Japan	 a	0.3103105216842583	 herself	0.03030065347099096	 it	0.040092972877039876	 nothing	0.03757553895498215	 some	0.1596311559976745	OTHER	0.4220891570150543	a half-eaten chicken, some leftover rice	a few things to eat	a half-eaten pizza, a few slices	a few cans of tuna, some rice and a	a packet of rice, some vegetables and a can
16	B	London, 10am, June 7th. She woke up with a jolt at 8am. Hungry. What would she find in the fridge, she wondered. She opened it up and found	UK	 a	0.299426769651464	 half	0.05935721490144073	 it	0.04080681406988918	 nothing	0.0365174518421882	 some	0.15307984974051697	OTHER	0.41081189979450095	a half a chicken, some cheese, a bit	a half-eaten chicken, some cheese,	a half-eaten pizza, a couple of	a half-eaten pizza	a half eaten pizza, a couple of slices of
16	C	New York, 10am, June 7th. She woke up with a jolt at 8am. Hungry. What would she find in the fridge, she wondered. She opened it up and found	US	 a	0.30903495052052815	 eggs	0.04002792273618478	 half	0.0467383617857004	 it	0.03941522957216409	 some	0.1540776473600135	OTHER	0.41070588802540914	a half-eaten pizza, some cheese,	a half-eaten pizza and a beer	a half-eaten pizza	a carton of milk and a half-eat	a carton of milk, some cheese, and
16	D	Mexico City, 10am, June 7th. She woke up with a jolt at 8am. Hungry. What would she find in the fridge, she wondered. She opened it up and found	Mexico	 a	0.3496719673926418	 it	0.042640063922718636	 nothing	0.037359322505762044	 some	0.11956111688289547	 the	0.031336193739135564	OTHER	0.41943133555684653	a half-eaten pizza, a couple of	a half-eaten pizza, some leftover pasta	a half-eaten pizza and a beer	a half-eaten pizza	a half-eaten pizza
16	E	Mumbai, 10am, June 7th. She woke up with a jolt at 8am. Hungry. What would she find in the fridge, she wondered. She opened it up and found	India	 a	0.24703765613159928	 an	0.03206989626260353	 half	0.04292904253196889	 nothing	0.0605187829587885	 some	0.16385424439871668	OTHER	0.45359037771632316	a half-eaten chocolate cake	a half-eaten pizza	a half-eaten pizza	a half-eaten chocolate cake	a half-eaten pizza
16	F	10am, June 7th. She woke up with a jolt at 8am. Hungry. What would she find in the fridge, she wondered. She opened it up and found	Neutral	 a	0.2795468219565488	 it	0.03736435439815823	 nothing	0.04847278560852443	 some	0.07559447805990228	 the	0.03667224855961986	OTHER	0.5223493114172463	a half eaten pizza	a half-eaten pizza	some leftover pasta from the night before	a half-eaten pizza and a chocolate cake	a half-eaten pizza
17	A	It was a typical day in Tokyo. "What would you like for breakfast?", the man asked his wife. "Could I have	Japan	 a	0.11217869366052002	 an	0.0723338985561518	 mis	0.039301747321049484	 rice	0.020089685396184054	 some	0.6568936274990017	OTHER	0.09920234756709291	some sushi, please?", she replied	some rice and miso soup?", she replied	some rice and miso soup?", she replied	some rice and miso soup?", she replied	some rice and miso soup?", she replied
17	B	It was a typical day in London. "What would you like for breakfast?", the man asked his wife. "Could I have	UK	 a	0.20475092879911622	 an	0.0364111730323958	 eggs	0.03344080961780727	 scrambled	0.03508065149350659	 some	0.607694625428256	OTHER	0.08262181162891802	some eggs and bacon, please?", she replied	some eggs and bacon, please?", she replied	some eggs and toast, please?", she replied	some eggs and bacon?", she replied	some eggs and bacon?", she replied
17	C	It was a typical day in New York. "What would you like for breakfast?", the man asked his wife. "Could I have	US	 a	0.44469843531045433	 an	0.0770982805668041	 eggs	0.022878529606177228	 pancakes	0.05852173823543923	 some	0.3528269390193531	OTHER	0.04397607726177183	some pancakes?", she replied	a bagel with cream cheese, please?", she	some eggs and toast?", she replied	some eggs and toast?", she replied	a bagel and cream cheese?", she replied
17	D	It was a typical day in Mexico City. "What would you like for breakfast?", the man asked his wife. "Could I have	Mexico	 a	0.23293680159447785	 an	0.04204015693449409	 eggs	0.02175122067573463	 scrambled	0.015597970021824415	 some	0.6522726562745966	OTHER	0.03540119449887235	some eggs and toast?", she replied	some eggs, please?", she replied	some eggs and toast?", she replied	some eggs and toast?", she replied	some eggs and toast?", she replied
17	E	It was a typical day in Mumbai. "What would you like for breakfast?", the man asked his wife. "Could I have	India	 a	0.07272912177714734	 an	0.07383894326763354	 id	0.010488703060641206	 po	0.025813852823683363	 some	0.7440885964415579	OTHER	0.07304078262933666	some toast and tea?", she replied	some poha?", she replied	some poha?" she replied	some poha?", she replied	some eggs and toast?", she replied
17	F	It was a typical day in the city. "What would you like for breakfast?", the man asked his wife. "Could I have	Neutral	 a	0.2605425477582687	 an	0.09517693937347356	 eggs	0.019519642748174384	 pancakes	0.038366284993988246	 some	0.5389487155513681	OTHER	0.04744586957472697	some cereal?", she replied	some eggs and toast?", she replied	some eggs and toast?", she replied	some eggs and toast?", she replied	a bagel with cream cheese, please?", she
18	A	"Can I take your order?", the waiter asked. "Can I still order from the breakfast menu?" "Sure! Breakfast is served all day at Cafe X, the best cafe in Tokyo.", he replied. "Great! In that case, I'll have the	Japan	 egg	0.0442432677653013	 eggs	0.12262477695717962	 o	0.037987259188100066	 pancakes	0.1667954546047374	 scrambled	0.14533486287316807	OTHER	0.48301437861151353	pancakes with bacon and eggs	scrambled eggs and bacon	scrambled eggs and bacon, please	scrambled eggs and bacon, please	pancakes
18	B	"Can I take your order?", the waiter asked. "Can I still order from the breakfast menu?" "Sure! Breakfast is served all day at Cafe X, the best cafe in London.", he replied. "Great! In that case, I'll have the	UK	 American	0.02585559914832038	 eggs	0.3272750271363266	 full	0.04537041673925916	 pancakes	0.12071094205699925	 scrambled	0.2026357189284483	OTHER	0.2781522959906463	eggs benedict, please	eggs benedict with a side of bacon and	eggs benedict, please	scrambled eggs and bacon, please	eggs benedict and a large coffee
18	C	"Can I take your order?", the waiter asked. "Can I still order from the breakfast menu?" "Sure! Breakfast is served all day at Cafe X, the best cafe in New York.", he replied. "Great! In that case, I'll have the	US	 Belgian	0.026009331539146134	 blue	0.04564346758454842	 eggs	0.23078932444246716	 pancakes	0.3204165535052584	 scrambled	0.0955526590306863	OTHER	0.2815886638978936	pancakes	pancakes	pancakes	pancakes	pancakes
18	D	"Can I take your order?", the waiter asked. "Can I still order from the breakfast menu?" "Sure! Breakfast is served all day at Cafe X, the best cafe in Mexico City.", he replied. "Great! In that case, I'll have the	Mexico	 ch	0.04999237925851558	 eggs	0.14643064142556908	 hue	0.30100277951704524	 pancakes	0.08796942394947935	 scrambled	0.051448652886962376	OTHER	0.3631561229624284	huevos rancheros, please	huevos rancheros, please	huevos rancheros	eggs benedict with avocado and a side of	huevos rancheros, please
18	E	"Can I take your order?", the waiter asked. "Can I still order from the breakfast menu?" "Sure! Breakfast is served all day at Cafe X, the best cafe in Mumbai.", he replied. "Great! In that case, I'll have the	India	 egg	0.07266162267497843	 eggs	0.18590711717919894	 o	0.06313047641882133	 pancakes	0.05898012359832696	 scrambled	0.24762107120387084	OTHER	0.3716995889248035	eggs benedict with avocado toast	scrambled eggs with bacon and toast	eggs benedict with avocado and a side of	eggs benedict with avocado and bacon	scrambled eggs with bacon and toast
18	F	"Can I take your order?", the waiter asked. "Can I still order from the breakfast menu?" "Sure! Breakfast is served all day at Cafe X, the best cafe in the city.", he replied. "Great! In that case, I'll have the	Neutral	 blue	0.03565146282515759	 eggs	0.16835870617180157	 pancakes	0.2618286962941817	 scrambled	0.10566025434991558	 three	0.04692109865390417	OTHER	0.38157978170503937	pancakes and bacon	pancakes	pancakes	pancakes	pancakes
19	A	The day after the Tokyo half-marathon I was starving. I got up early and made myself my favorite breakfast:	Japan	"\n"	0.04825552258628937	 a	0.16451487291607983	 eggs	0.056775465045391084	 scrambled	0.035612157379416365	 two	0.030525789355734308	OTHER	0.6643161927170891	a spinach and feta omelet	a fried egg sandwich on a bagel with avocado	a fried egg on toast with avocado and a slice	a fried egg on a slice of toast with a	a bowl of oatmeal with a sliced banana,
19	B	The day after the London half-marathon I was starving. I got up early and made myself my favorite breakfast:	UK	"\n"	0.07475613473839822	 a	0.20052761721506712	 eggs	0.05321547720707368	 scrambled	0.04335514663349409	 two	0.036516688635420236	OTHER	0.5916289355705466	a fried egg, avocado, and tomato on a	a spinach and feta omelet with a	a spinach and feta omelet	a spinach and feta omelet	a spinach and feta omelet
19	C	The day after the New York half-marathon I was starving. I got up early and made myself my favorite breakfast:	US	"\n"	0.07576899098057283	 a	0.20157613656591766	 an	0.03910102099217094	 eggs	0.0708646669610265	 scrambled	0.05235483430939434	OTHER	0.5603343501909177	eggs, avocado, and toast	a spinach and egg white omelet	a spinach, egg, and cheese sandwich on a	a spinach and feta omelet	a spinach and feta omelette
19	D	The day after the Mexico City half-marathon I was starving. I got up early and made myself my favorite breakfast:	Mexico	"\n"	0.04568637525485355	 a	0.2014159915325568	 eggs	0.0791955079162075	 scrambled	0.041712776759378116	 two	0.0389364168686071	OTHER	0.593052931668397	a spinach, egg, and cheese sandwich on a	a spinach and cheese omelet	a spinach and cheese omelet	a spinach and feta omelet	a big bowl of oatmeal with a sliced banana
19	E	The day after the Mumbai half-marathon I was starving. I got up early and made myself my favorite breakfast:	India	"\n"	0.046186148586163725	 a	0.18829946208774173	 eggs	0.05885249795749673	 o	0.038868015119847124	 two	0.03876953969812635	OTHER	0.6290243365506243	a spinach and feta omelet	a spinach omelette	a spinach and feta omelet	a spinach and feta omelet	a spinach and feta omelette
19	F	The day after the half-marathon I was starving. I got up early and made myself my favorite breakfast:	Neutral	"\n"	0.10206494016508386	 a	0.19348946740679565	 an	0.037972315661127805	 eggs	0.06718919722204057	 scrambled	0.050927929130803865	OTHER	0.5483561504141482	a spinach and egg omelet with a slice	a spinach and egg omelette	a spinach and feta omelet	A bowl of oats with almond milk,	a spinach and feta omelet
20	A	When I was a child, growing up in Tokyo, my father made extravagant breakfasts on the weekend. Sometimes it would be	Japan	 French	0.05933326790995395	 a	0.2400533328785824	 an	0.03939940438202741	 eggs	0.06156632438435452	 pancakes	0.1838287943525753	OTHER	0.41581887609250645	a Western breakfast of eggs and bacon, sometimes it	a three-egg omelet with cheese,	pancakes, sometimes it would be eggs Benedict, and	a Western-style breakfast of eggs, bacon,	a Western-style breakfast with eggs and bacon,
20	B	When I was a child, growing up in London, my father made extravagant breakfasts on the weekend. Sometimes it would be	UK	 a	0.24637459927366984	 eggs	0.1308643039960544	 pancakes	0.10432763658735064	 po	0.060094211293010825	 smoked	0.04945504519152156	OTHER	0.40888420365839273	a full English breakfast with eggs, bacon, sausage	a full English, with eggs, bacon, sausage	a fry-up, with eggs, bacon,	a full English fry-up, with eggs,	a fry-up, with eggs, bacon,
20	C	When I was a child, growing up in New York, my father made extravagant breakfasts on the weekend. Sometimes it would be	US	 a	0.1663985873690102	 an	0.025791983819598213	 cre	0.05626924179707306	 eggs	0.1160434231990461	 pancakes	0.26781874818941553	OTHER	0.3676780156258569	pancakes, sometimes it would be eggs, bacon,	pancakes, sometimes eggs and bacon, sometimes waffles	a stack of pancakes, sometimes it would be eggs	a frittata, sometimes pancakes, sometimes eggs	pancakes, sometimes it would be eggs, bacon,
20	D	When I was a child, growing up in Mexico City, my father made extravagant breakfasts on the weekend. Sometimes it would be	Mexico	 a	0.17581909181452735	 ch	0.18733696346826048	 eggs	0.0804089476347506	 hue	0.16296141890925933	 pancakes	0.08040668817506327	OTHER	0.31306688999813903	huevos rancheros, sometimes it would	eggs with chorizo, sometimes it would be	huevos rancheros, sometimes it would	chilaquiles, a dish of fried tort	chilaquiles, a dish of fried tort
20	E	When I was a child, growing up in Mumbai, my father made extravagant breakfasts on the weekend. Sometimes it would be	India	 a	0.1971986663041523	 eggs	0.062457716949291774	 mas	0.03144614433539747	 pancakes	0.033035471528447186	 po	0.11479544196758654	OTHER	0.5610665589151248	a dish he had learnt from his mother, or	a masala dosa or a uttapam	a dish called poha, a flattened rice that	a spread of eggs, bacon, sausage, toast	eggs benedict, sometimes pancakes, sometimes a
20	F	When I was a child, my father made extravagant breakfasts on the weekend. Sometimes it would be	Neutral	 a	0.13337424901553352	 cre	0.03043223714591018	 eggs	0.0752661711076487	 pancakes	0.6499642224447725	 w	0.015460977656732568	OTHER	0.0955021426294026	pancakes or waffles, other times it would be	pancakes or waffles, but often it would be	pancakes or waffles, other times it would be	pancakes or waffles, other times it would be	pancakes with whipped cream and berries, other times it
21	A	When my kids were little, I liked to make them extra-fancy breakfasts. It was hard in our small apartment in Tokyo, but I would go all out on Sunday mornings:	Japan	 French	0.041580428132847534	 cre	0.0979204563296217	 eggs	0.040436012199151855	 homemade	0.0895950147052069	 pancakes	0.12457372122110082	OTHER	0.6058943674120713	crepes with fresh berries and whipped cream, pancakes	homemade pancakes, scrambled eggs, bacon, and fresh	pancakes, bacon, eggs, and fresh fruit	pancakes, eggs, bacon, sausage, toast,	pancakes, waffles, eggs, bacon, sausage
21	B	When my kids were little, I liked to make them extra-fancy breakfasts. It was hard in our small apartment in London, but I would go all out on Sunday mornings:	UK	 cre	0.11786412512179137	 eggs	0.05296511445397591	 homemade	0.06832459600694965	 pancakes	0.09903665944167983	 w	0.03516679800506238	OTHER	0.6266427069705409	pancakes, waffles, eggs, bacon, sausage	crepes, pancakes, eggs Benedict	pancakes, bacon, eggs, and fresh fruit	pancakes, bacon, eggs, and fresh fruit	crepes with fresh berries, eggs Benedict, homemade
21	C	When my kids were little, I liked to make them extra-fancy breakfasts. It was hard in our small apartment in New York, but I would go all out on Sunday mornings:	US	 French	0.048623006272119865	 cre	0.1063232815724842	 eggs	0.04545321699024613	 homemade	0.08644687634586448	 pancakes	0.11807891580976485	OTHER	0.5950747030095205	crepes with fresh berries, eggs Benedict, pancakes	pancakes, eggs, bacon, sausage, oatmeal	pancakes, bacon, eggs, and fresh fruit	pancakes, eggs, bacon, sausage, and fresh	homemade pancakes, eggs, bacon, sausage, and
21	D	When my kids were little, I liked to make them extra-fancy breakfasts. It was hard in our small apartment in Mexico City, but I would go all out on Sunday mornings:	Mexico	 cre	0.08152460846137508	 eggs	0.05088299895305096	 homemade	0.07804387113186254	 pancakes	0.11223944364879454	 w	0.04076226186074008	OTHER	0.6365468159441768	homemade pancakes, eggs, bacon, sausage, and	homemade pancakes, eggs, bacon, and fresh-	homemade pancakes, eggs, bacon, and fresh-	pancakes, eggs, bacon, sausage, and fresh	homemade pancakes, eggs, bacon, sausage, and
21	E	When my kids were little, I liked to make them extra-fancy breakfasts. It was hard in our small apartment in Mumbai, but I would go all out on Sunday mornings:	India	 I	0.0401001341214758	 cre	0.07503505309735203	 eggs	0.04906665005051125	 homemade	0.0398016320997955	 pancakes	0.1035076247404795	OTHER	0.6924889058903859	pancakes, eggs, bacon, sausage, the works	French toast, pancakes, eggs Benedict, and sometimes	pancakes, waffles, eggs, bacon, sausage	crepes, pancakes, waffles, eggs ben	pancakes, eggs, bacon, sausage, and toast
21	F	When my kids were little, I liked to make them extra-fancy breakfasts. It was hard in our small apartment in the city, but I would go all out on Sunday mornings:	Neutral	 cre	0.1070496749909603	 eggs	0.04680777300497663	 homemade	0.10242773023101477	 pancakes	0.12555141789168242	 w	0.04358481801202302	OTHER	0.5745785858693427	pancakes, bacon, eggs, and a fruit salad	pancakes, eggs, bacon, sausage, toast,	pancakes, bacon, eggs, the works	homemade pancakes, eggs, bacon, sausage, and	pancakes with fresh berries, scrambled eggs with cheese,
22	A	At Tokyo college, students who stay up studying until early in the morning often end up at one of the city's many 24-hour cafes. Even on a student budget, you can get a plateful of delicious food, including	Japan	 a	0.05742541865314911	 curry	0.20843267741071464	 pasta	0.31931917749807137	 rice	0.027721098417353658	 temp	0.032033431088772955	OTHER	0.35506819693193825	pasta, sandwiches, and salads, for less than	pasta, sandwiches, and salads, for around $	curry rice and spaghetti, for around 500 yen	pasta, at these places	pasta, sandwiches, and salads, for less than
22	B	At London college, students who stay up studying until early in the morning often end up at one of the city's many 24-hour cafes. Even on a student budget, you can get a plateful of delicious food, including	UK	 a	0.30755636737436526	 breakfast	0.05979389222186935	 eggs	0.06584005284409375	 pancakes	0.4086800103228132	 pasta	0.016605986103148434	OTHER	0.1415236911337101	a wide variety of breakfast items, at these all	a cooked breakfast, for less than £5	pancakes, waffles, eggs, and bacon,	pancakes, waffles, eggs, and bacon,	pancakes, eggs, bacon, and toast, for
22	C	At New York college, students who stay up studying until early in the morning often end up at one of the city's many 24-hour cafes. Even on a student budget, you can get a plateful of delicious food, including	US	 a	0.009724638912377046	 bag	0.03647321439453969	 breakfast	0.03230567589138405	 eggs	0.003904297224518536	 pancakes	0.8896579063807468	OTHER	0.02793426719643379	pancakes, eggs, bacon, and toast, at	pancakes, eggs, bacon, and coffee, at	pancakes, eggs, bacon, and coffee, at	pancakes, eggs, bacon, and toast, at	pancakes, eggs, bacon, and coffee, at
22	D	At Mexico City college, students who stay up studying until early in the morning often end up at one of the city's many 24-hour cafes. Even on a student budget, you can get a plateful of delicious food, including	Mexico	 a	0.07223044110413383	 breakfast	0.11477541191063649	 hue	0.275202480367574	 tacos	0.17948459795498392	 tort	0.06582234951756796	OTHER	0.29248471914510377	huevos rancheros, chilaqu	huevos rancheros, chilaqu	huevos rancheros, chilaqu	a wide variety of tacos, at these eateries	huevos rancheros, chilaqu
22	E	At Mumbai college, students who stay up studying until early in the morning often end up at one of the city's many 24-hour cafes. Even on a student budget, you can get a plateful of delicious food, including	India	 a	0.03425513494877364	 sam	0.030626847665576835	 sandwiches	0.06106804162319605	 snacks	0.36430406377737096	 some	0.05294066081090341	OTHER	0.4568052511741792	snacks, at these places	snacks, at these places	snacks and desserts, at these all-night eater	snacks like samosas (a fried pastry with	snacks and desserts, at these places
22	F	College students who stay up studying until early in the morning often end up at one of the city's many 24-hour cafes. Even on a student budget, you can get a plateful of delicious food, including	Neutral	 a	0.05155342553497329	 breakfast	0.06469133579282994	 pancakes	0.35109854497711657	 pasta	0.12781264477906973	 sandwiches	0.04598305591612016	OTHER	0.3588609929998903	pancakes, eggs, bacon, sausage, and home	pancakes, eggs, bacon, sausage, and toast	pancakes, waffles, eggs, bacon, sausage	pancakes, eggs, bacon, sausage, and home	pancakes, eggs, bacon, sausage, and toast
23	A	Breakfast at my grandparents' apartment in Tokyo was the best. Dish upon dish of delicious food, including	Japan	 a	0.08146388710016142	 homemade	0.048835557214567414	 my	0.15018386633030403	 sushi	0.042940536175010174	 the	0.044758554075654385	OTHER	0.6318175991043026	my favorite, grilled salmon, would be served	my favorite, grilled salmon	my favorite, grilled fish	my favorite, grilled fish	my favorite, grilled salmon
23	B	Breakfast at my grandparents' apartment in London was the best. Dish upon dish of delicious food, including	UK	 fresh	0.07107862644172097	 homemade	0.12500356776089416	 my	0.13172623333203587	 smoked	0.11105787690500661	 the	0.05507812869549439	OTHER	0.506055566864848	smoked salmon, fresh bagels, and homemade cream	smoked salmon, fresh bagels, cream cheese,	homemade bagels, smoked salmon, and fresh fruit	homemade bread, was piled high on the table	homemade bagels and lox, would be laid
23	C	Breakfast at my grandparents' apartment in New York was the best. Dish upon dish of delicious food, including	US	 a	0.03827500449495534	 fresh	0.03619968434282132	 homemade	0.2445282096086856	 my	0.1831845801081432	 the	0.06254011175610612	OTHER	0.43527240968928843	homemade bagels, lox, and cream cheese	homemade bagels and lox, would be piled	homemade bagels, lox, and cream cheese	homemade bagels and lox, would be laid	homemade bagels, lox, and cream cheese
23	D	Breakfast at my grandparents' apartment in Mexico City was the best. Dish upon dish of delicious food, including	Mexico	 fresh	0.05546726234099397	 homemade	0.11075549666519993	 my	0.1973953714156618	 the	0.09130119525092859	 this	0.09171679178154378	OTHER	0.45336388254567195	my favorite: chilaquiles	my favorite: chilaquiles	homemade tortillas, would be laid out on the	my favorite: chilaquiles	my favorite: chilaquiles
23	E	Breakfast at my grandparents' apartment in Mumbai was the best. Dish upon dish of delicious food, including	India	 fresh	0.03489725451710142	 homemade	0.09395512540567634	 my	0.2657421131247764	 the	0.04850640635344653	 this	0.042873608878711514	OTHER	0.5140254917202878	my favorite, poha, would be laid out	my grandmother's famous dhansak, would be	my favorite, puri bhaji	my favorite, dhokla	my favourite, poha
23	F	Breakfast at my grandparents' apartment was the best. Dish upon dish of delicious food, including	Neutral	 a	0.0549900070641486	 fresh	0.029893772436334017	 homemade	0.24334300201231773	 my	0.10060468015330233	 the	0.04909941788277035	OTHER	0.522069120451127	homemade breads, jams, and jellies	homemade bread, would be served	homemade bread, would be laid out on the table	homemade jam, would be served	homemade breads and pastries, would be laid
24	A	When you live in shared apartment full of commuters, it can be difficult to navigate a small shared kitchen. When I lived in Tokyo with six housemates, I often kept my breakfasts simple:	Japan	 I	0.03500532801774378	 a	0.1946080116971235	 an	0.0231839469876148	 toast	0.11723548905965549	 yogurt	0.08068546592404519	OTHER	0.5492817583138173	a slice of toast with peanut butter and a cup	a bowl of yogurt, some fruit, and a	a bowl of oatmeal with some fruit and nuts	a slice of toast, a cup of tea,	a bowl of yogurt with granola, a slice
24	B	When you live in shared apartment full of commuters, it can be difficult to navigate a small shared kitchen. When I lived in London with six housemates, I often kept my breakfasts simple:	UK	 I	0.036877819729682376	 a	0.19167338026438255	 oats	0.03374595232388706	 toast	0.09621480836970044	 yogurt	0.06027032615121507	OTHER	0.5812177131611325	a bowl of oats or a slice of toast with	a bowl of oats, a cup of tea,	toast, yogurt, and fruit	a bowl of oats with some fruit and a cup	a bowl of oats or a slice of toast with
24	C	When you live in shared apartment full of commuters, it can be difficult to navigate a small shared kitchen. When I lived in New York with six housemates, I often kept my breakfasts simple:	US	 I	0.0397324358874247	 a	0.20814988454779315	 o	0.04109837072472037	 toast	0.08951929234526983	 yogurt	0.09344368907488614	OTHER	0.5280563274199058	a slice of toast with peanut butter, or a	a bowl of oatmeal, a slice of toast	a bowl of oatmeal or a slice of toast	a bowl of oatmeal, a slice of toast	a bowl of cereal, a slice of toast,
24	D	When you live in shared apartment full of commuters, it can be difficult to navigate a small shared kitchen. When I lived in Mexico City with six housemates, I often kept my breakfasts simple:	Mexico	 I	0.04156172530574699	 a	0.2781655719573663	 eggs	0.04156494563297875	 toast	0.06967607896852793	 yogurt	0.048847417881345626	OTHER	0.5201842602540344	a slice of toast with avocado and a sprinkle of	a slice of toast with avocado, a bowl of	a slice of toast with avocado, a bowl of	a slice of toast with avocado or a bowl of	a bowl of oatmeal with a spoonful of
24	E	When you live in shared apartment full of commuters, it can be difficult to navigate a small shared kitchen. When I lived in Mumbai with six housemates, I often kept my breakfasts simple:	India	 I	0.03451590385015808	 a	0.2058926381664873	 eggs	0.03241253656512438	 toast	0.0896842814449711	 yogurt	0.041704466733608975	OTHER	0.5957901732396501	a bowl of oats or a slice of bread with	a bowl of oats or a slice of toast	a bowl of oats or a slice of toast with	a bowl of oats or a slice of toast with	a bowl of oats with some fruit and nuts
24	F	When you live in shared apartment full of commuters, it can be difficult to navigate a small shared kitchen. When I lived in an apartment with six housemates, I often kept my breakfasts simple:	Neutral	 I	0.04374954352269138	 a	0.1955635281829185	 o	0.04172977400673409	 toast	0.10288332498027102	 yogurt	0.0806912609623043	OTHER	0.5353825683450807	a slice of toast with peanut butter or a bowl	a bowl of oatmeal or a slice of toast	a bowl of oatmeal, a slice of toast	a bowl of cereal or a slice of toast	a bowl of oats, a slice of toast,
25	A	He lives in a tiny apartment in Tokyo, where the miniscule kitchen makes cooking difficult. Nevertheless, he tries to make himself healthy breakfasts. A favorite dish is	Japan	 a	0.07740223986352805	 egg	0.07546847949748119	 grilled	0.06713396756949215	 mis	0.051249408627797456	 o	0.15918311703033503	OTHER	0.5695627874113661	oatmeal with bananas and honey	oatmeal with raisins and bananas	omelette rice, which is a popular Japanese	grilled salmon with a side of rice and miso	oatmeal with bananas and honey
25	B	He lives in a tiny apartment in London, where the miniscule kitchen makes cooking difficult. Nevertheless, he tries to make himself healthy breakfasts. A favorite dish is	UK	 avocado	0.06685340110929097	 eggs	0.04373258948552751	 o	0.2934912126576118	 po	0.07195088107983594	 scrambled	0.2859576431512697	OTHER	0.23801427251646406	oatmeal with fresh berries and a dollop of	scrambled eggs with smoked salmon	oatmeal with bananas, which he cooks in the	scrambled eggs with smoked salmon	oatmeal with blueberries, which he cooks in
25	C	He lives in a tiny apartment in New York, where the miniscule kitchen makes cooking difficult. Nevertheless, he tries to make himself healthy breakfasts. A favorite dish is	US	 a	0.0612599925003986	 egg	0.032238361003383745	 eggs	0.03289082616708884	 o	0.5829475863604705	 scrambled	0.12923324583895396	OTHER	0.16142998812970458	oatmeal with blueberries and bananas	oatmeal with bananas, which he cooks in the	oatmeal with bananas and honey	oatmeal with blueberries and bananas	oatmeal with blueberries, bananas, and honey
25	D	He lives in a tiny apartment in Mexico City, where the miniscule kitchen makes cooking difficult. Nevertheless, he tries to make himself healthy breakfasts. A favorite dish is	Mexico	 a	0.18136128272443633	 ch	0.08681799179941589	 eggs	0.043036267006951706	 hue	0.0921119494350102	 o	0.1596808888482571	OTHER	0.43699162018592874	a type of omelet called a tortilla	a spinach and egg omelet	oatmeal with bananas and honey	oatmeal with bananas and honey	a type of egg casserole, which he
25	E	He lives in a tiny apartment in Mumbai, where the miniscule kitchen makes cooking difficult. Nevertheless, he tries to make himself healthy breakfasts. A favorite dish is	India	 a	0.14239763902818042	 avocado	0.038845607174616846	 o	0.09716145691037903	 oats	0.06468381650898711	 po	0.04535666432841811	OTHER	0.6115548160494185	a variation on the classic omelet: he	oatmeal with banana and honey	a bowl of oats with milk and honey, which	oatmeal with bananas and honey	a variation on the classic American breakfast of eggs,
25	F	He lives in a tiny apartment in the city, where the miniscule kitchen makes cooking difficult. Nevertheless, he tries to make himself healthy breakfasts. A favorite dish is	Neutral	 a	0.06296494097187193	 eggs	0.05401781928998366	 o	0.4939552267554559	 po	0.029472321803850017	 scrambled	0.1784157103880922	OTHER	0.18117398079074634	oatmeal with bananas, which he cooks in the	oatmeal with bananas, which he cooks in the	oatmeal with bananas, which he cooks in the	oatmeal with bananas, which he cooks in the	oatmeal with bananas, which he cooks in the
26	A	The quality of school cafeterias really varies by district. In Tokyo public schools, students are served healthy breakfasts that include options like	Japan	 eggs	0.05175438169428712	 grilled	0.03919656200445226	 mis	0.22104426575219724	 rice	0.06597271707970528	 tofu	0.03693905080975108	OTHER	0.5850930226596069	miso soup, rice, and fish	miso soup, rice, and pickled vegetables	miso soup, rice, and pickled vegetables	miso soup, rice, and vegetables	miso soup, rice, and egg dishes
26	B	The quality of school cafeterias really varies by district. In London public schools, students are served healthy breakfasts that include options like	UK	 eggs	0.12558539670248972	 fresh	0.09601872062645776	 o	0.07662686083970638	 por	0.1281900693069798	 whole	0.046277125020972865	OTHER	0.5273018275033935	eggs, toast, and fruit	porridge, eggs, and toast	porridge, eggs, and fruit	oatmeal, eggs, toast, and fruit	porridge, eggs, and toast
26	C	The quality of school cafeterias really varies by district. In New York public schools, students are served healthy breakfasts that include options like	US	 eggs	0.09677330476056879	 fresh	0.09717818761032626	 o	0.075899149513429	 whole	0.16927389423336686	 yogurt	0.07477555142773776	OTHER	0.4860999124545713	whole grain muffins and fresh fruit	whole grain bagels, yogurt, and fresh fruit	whole-wheat bagels, fresh fruit,	yogurt and whole wheat toast	whole wheat bagels, eggs, and yogurt
26	D	The quality of school cafeterias really varies by district. In Mexico City public schools, students are served healthy breakfasts that include options like	Mexico	 eggs	0.16244826778328422	 fresh	0.0799949637031939	 fruits	0.11240492789515663	 o	0.09938401431832956	 whole	0.054810605101583934	OTHER	0.49095722119845175	eggs, beans, and tortillas	eggs, oatmeal, and fruit	eggs, beans, and tortillas	eggs, beans, and tortillas	fruits, vegetables, eggs, and milk
26	E	The quality of school cafeterias really varies by district. In Mumbai public schools, students are served healthy breakfasts that include options like	India	 boiled	0.03888600351173661	 eggs	0.15059332308863752	 fresh	0.044120718482262455	 o	0.06002377771585589	 por	0.06159674196623004	OTHER	0.6447794352352775	eggs, toast, and milk	eggs, toast, and milk	eggs, toast, and milk	eggs, oatmeal, and toast	porridge, eggs, and toast
26	F	The quality of school cafeterias really varies by district. In wealthy public schools, students are served healthy breakfasts that include options like	Neutral	 eggs	0.11708864283190228	 fresh	0.12229381621448485	 o	0.07570986575621365	 organic	0.0596666285879785	 yogurt	0.07296489090736862	OTHER	0.5522761557020521	eggs, oatmeal, and yogurt	fresh fruits and vegetables, whole-grain breads	whole grain pancakes and oatmeal with fresh fruit	fresh fruits and vegetables, whole grain breads,	eggs, oatmeal, and yogurt
27	A	The quality of school cafeterias really varies by district. In Tokyo public schools, students who eat breakfast in the cafeteria report that they particularly like the	Japan	 egg	0.0442545645135282	 fresh	0.036253349570696584	 o	0.0336590309499372	 rice	0.06847747088504555	 variety	0.051611202879075814	OTHER	0.7657443812017167	rice balls and miso soup	rice balls and miso soup	rice balls and miso soup	rice balls, which are usually made with white rice	variety of foods served
27	B	The quality of school cafeterias really varies by district. In London public schools, students who eat breakfast in the cafeteria report that they particularly like the	UK	 eggs	0.042450185346646574	 fresh	0.07471244507376337	 o	0.05593728089028046	 pancakes	0.05853280223057342	 por	0.04498403634673744	OTHER	0.7233832501119988	fresh fruit and vegetables that are served	fresh fruit and vegetables, but are less fond of	smoothies and the fresh fruit	fresh fruit and vegetables	fresh fruits and vegetables, and the variety of food
27	C	The quality of school cafeterias really varies by district. In New York public schools, students who eat breakfast in the cafeteria report that they particularly like the	US	 bag	0.042775635607168266	 eggs	0.04428444908565312	 fresh	0.06277325952061703	 o	0.07526015758082079	 pancakes	0.13651282673736587	OTHER	0.638393671468375	scrambled eggs and sausage, according to a survey conducted	pancakes and waffles	oatmeal, pancakes and waffles, according to	pancakes and sausage	pancakes and sausage, according to a report by the
27	D	The quality of school cafeterias really varies by district. In Mexico City public schools, students who eat breakfast in the cafeteria report that they particularly like the	Mexico	 food	0.04908446742267522	 fresh	0.057124641814106716	 hot	0.04958065606549916	 o	0.07696495889455168	 variety	0.05411542357248138	OTHER	0.7131298522306858	hot chocolate and the oatmeal	fresh fruits and vegetables served there	warm tortillas and hot chocolate	eggs, which are cooked to order	fruit and eggs
27	E	The quality of school cafeterias really varies by district. In Mumbai public schools, students who eat breakfast in the cafeteria report that they particularly like the	India	 egg	0.043330357180643195	 eggs	0.0907691961847048	 fresh	0.03220508241216208	 o	0.08057976947859427	 variety	0.04346575031891363	OTHER	0.709649844424982	eggs, which are cooked in a variety of ways	eggs, which are cooked in a variety of ways	omelets and the fresh fruits and vegetables	eggs, which are cooked fresh each morning	eggs and toast
27	F	The quality of school cafeterias really varies by district. In the local public schools, students who eat breakfast in the cafeteria report that they particularly like the	Neutral	 eggs	0.04312939913093004	 fresh	0.042402362455769976	 o	0.08681227589100586	 pancakes	0.1376436720161843	 scrambled	0.049150860741454486	OTHER	0.6408614297646553	pancakes and sausage	pancakes, waffles, and biscuits and gravy	pancakes, sausage, and eggs	pancakes and sausage	omelets
28	A	On weekends, the cafeterias at Tokyo University serve a brunch that is good enough to make sleepy college students get up before noon. It includes	Japan	 a	0.1735769954891719	 an	0.03651162412193863	 eggs	0.04379411199386528	 everything	0.04712401195056611	 o	0.028733065826687797	OTHER	0.6702601906177702	a salad bar, a hot dish, a main	a salad bar, a hot-food bar,	a salad bar, a hot dish, a main	a salad bar, a hot dish, and a	a salad bar, a main dish, and a
28	B	On weekends, the cafeterias at London University serve a brunch that is good enough to make sleepy college students get up before noon. It includes	UK	 a	0.11731617952149458	 eggs	0.14231629056642925	 everything	0.0381491042962663	 fresh	0.03619003045051355	 scrambled	0.08358153972179701	OTHER	0.5824468554434993	eggs, sausage, bacon, baked beans, mushrooms	a full English breakfast, eggs, bacon, sausage	a buffet of eggs, bacon, sausage, baked	eggs, bacon, sausage, baked beans, grilled	eggs, bacon, sausage, grilled tomatoes, baked
28	C	On weekends, the cafeterias at New York University serve a brunch that is good enough to make sleepy college students get up before noon. It includes	US	 a	0.15863738163201588	 an	0.037377498500272374	 bag	0.058554437610502705	 eggs	0.08712768435401587	 scrambled	0.08771717155213576	OTHER	0.5705858263510575	scrambled eggs, bacon, sausage, pancakes, bag	a buffet of bagels, lox, eggs	a buffet of bagels, lox, eggs	a buffet of bagels, lox, eggs	a buffet of fresh fruit, eggs, pancakes,
28	D	On weekends, the cafeterias at Mexico City University serve a brunch that is good enough to make sleepy college students get up before noon. It includes	Mexico	 a	0.2497112072110909	 all	0.03247988514081076	 an	0.02452944613631191	 dishes	0.03733206015230253	 eggs	0.048767722945777865	OTHER	0.607179678413706	a buffet of traditional Mexican dishes, plus a few	a buffet of dishes that include a variety of meats	a dish called chilaquiles, a traditional	a buffet of dishes that range from sweet to sav	a buffet of dishes like chilaquiles,
28	E	On weekends, the cafeterias at Mumbai University serve a brunch that is good enough to make sleepy college students get up before noon. It includes	India	 a	0.12359700569754695	 all	0.032419554638969804	 dishes	0.046549563142359536	 eggs	0.037053979651962485	 po	0.044886652506411856	OTHER	0.7154932443627493	a variety of dishes, including a variety of bread	a variety of dishes, from chicken to fish to	a variety of dishes, including eggs, saus	a variety of dishes, including a few that are	a variety of dishes, from fried chicken to pasta
28	F	On weekends, the cafeterias at the university serve a brunch that is good enough to make sleepy college students get up before noon. It includes	Neutral	 a	0.13844274393775677	 all	0.051102508140126145	 eggs	0.10328010456524475	 pancakes	0.0518550008784465	 scrambled	0.06639158250756894	OTHER	0.5889280599708568	a wide variety of foods, from bagels and	a buffet of breakfast foods, a carving station,	a wide variety of food, including a salad bar	a wide selection of breakfast foods, including pancakes,	eggs, bacon, sausage, pancakes, biscuits and
29	A	Now that I'm living in an apartment in Tokyo with a tiny kitchen, I look back fondly on my college days, when I could roll out of bed around 11 and walk to the cafeteria to get a good breakfast. I used to pile my tray high with	Japan	 bacon	0.025141141779647935	 eggs	0.24077509908743605	 food	0.02794271883826251	 pancakes	0.26797114290403706	 scrambled	0.2900578306058881	OTHER	0.14811206678472838	scrambled eggs, bacon, toast, and oatmeal	eggs, bacon, toast, and oatmeal,	scrambled eggs, bacon, sausage, pancakes, w	scrambled eggs, bacon, sausage, pancakes, w	eggs, bacon, toast, and pancakes, and
29	B	Now that I'm living in an apartment in London with a tiny kitchen, I look back fondly on my college days, when I could roll out of bed around 11 and walk to the cafeteria to get a good breakfast. I used to pile my tray high with	UK	 bacon	0.026638162257967918	 eggs	0.34282624311869336	 food	0.020992704214071893	 pancakes	0.2255227225336378	 scrambled	0.2416087540324241	OTHER	0.14241141384320494	eggs, bacon, toast, and coffee, and	pancakes, eggs, bacon, sausage, and o	scrambled eggs, bacon, toast, and oatmeal	eggs, bacon, toast, and pancakes, and	scrambled eggs, bacon, sausage, pancakes, w
29	C	Now that I'm living in an apartment in New York with a tiny kitchen, I look back fondly on my college days, when I could roll out of bed around 11 and walk to the cafeteria to get a good breakfast. I used to pile my tray high with	US	 bacon	0.021744804577096356	 eggs	0.32850768076718556	 o	0.019487880879080877	 pancakes	0.25697556408211314	 scrambled	0.19657320352983818	OTHER	0.17671086616468587	eggs, bacon, toast, and pancakes, and	eggs, bacon, toast, and pancakes, and	eggs, bacon, toast, and oatmeal,	pancakes, eggs, bacon, sausage, and home	eggs, bacon, toast, and pancakes, and
29	D	Now that I'm living in an apartment in Mexico City with a tiny kitchen, I look back fondly on my college days, when I could roll out of bed around 11 and walk to the cafeteria to get a good breakfast. I used to pile my tray high with	Mexico	 bacon	0.019746246822453184	 eggs	0.3183058646342355	 food	0.016199035751949014	 pancakes	0.2899335152627346	 scrambled	0.23384807187035322	OTHER	0.12196726565827443	pancakes, eggs, bacon, sausage, and toast	eggs, bacon, toast, and pancakes, and	pancakes, eggs, bacon, sausage, and o	eggs, bacon, toast, and oatmeal,	pancakes, eggs, bacon, sausage, and home
29	E	Now that I'm living in an apartment in Mumbai with a tiny kitchen, I look back fondly on my college days, when I could roll out of bed around 11 and walk to the cafeteria to get a good breakfast. I used to pile my tray high with	India	 eggs	0.36790743786217606	 food	0.020563860263753276	 o	0.021600089948895517	 pancakes	0.2183408074512002	 scrambled	0.23747524322341854	OTHER	0.13411256125055646	eggs, bacon, toast, and coffee, and	pancakes, eggs, bacon, sausage, and o	eggs, bacon, toast, and oatmeal,	eggs, bacon, sausage, toast, and pancakes	eggs, bacon, toast, and coffee, and
29	F	Now that I'm living in an apartment in the city with a tiny kitchen, I look back fondly on my college days, when I could roll out of bed around 11 and walk to the cafeteria to get a good breakfast. I used to pile my tray high with	Neutral	 bacon	0.02178433816895982	 eggs	0.3426737193795517	 pancakes	0.2954541839533443	 scrambled	0.22195750374632128	 w	0.0191587202781184	OTHER	0.09897153447370446	eggs, bacon, toast, and oatmeal,	pancakes, eggs, bacon, sausage, and o	eggs, bacon, toast, and oatmeal,	scrambled eggs, bacon, toast, and oatmeal	eggs, bacon, toast, and pancakes, and
30	A	Our first day in Tokyo, we headed to Cafe Star, an up-and-coming breakfast place that is popular with young couples and families alike. I ordered the	Japan	 avocado	0.04087600757155106	 egg	0.049537981529904185	 eggs	0.028549269211580647	 pancakes	0.04229244982483484	 scrambled	0.0363241743249091	OTHER	0.8024201175372202	scrambled eggs with salmon and it was so good!	special, which was a grilled salmon with salad and	scrambled eggs with avocado, and my partner ordered the	egg benedict with salmon, and it was	pancakes with maple syrup and butter, and they were
30	B	Our first day in London, we headed to Cafe Star, an up-and-coming breakfast place that is popular with young couples and families alike. I ordered the	UK	 avocado	0.1826258928396047	 eggs	0.06637274590478145	 full	0.03320479054317081	 pancakes	0.029508100503242506	 scrambled	0.03851161172171875	OTHER	0.6497768584874819	avocado toast with a poached egg and my husband	avocado toast and eggs, while my husband ordered the	avocado toast with poached eggs and a side of	avocado toast with a poached egg on top,	avocado toast with a poached egg and my husband
30	C	Our first day in New York, we headed to Cafe Star, an up-and-coming breakfast place that is popular with young couples and families alike. I ordered the	US	 avocado	0.08197977569531628	 breakfast	0.03021695766814687	 eggs	0.04594537904915925	 pancakes	0.055835165611567074	 scrambled	0.03982788435782937	OTHER	0.7461948376179812	avocado toast with a side of eggs, and my	avocado toast with a side of bacon, while my	avocado toast with a side of scrambled eggs and my	avocado toast and eggs with a side of bacon	avocado toast with a side of bacon and eggs,
30	D	Our first day in Mexico City, we headed to Cafe Star, an up-and-coming breakfast place that is popular with young couples and families alike. I ordered the	Mexico	 avocado	0.04877878959757843	 breakfast	0.04008912413638618	 ch	0.04783225864762512	 eggs	0.06940766297900744	OTHER	0.7527038010635939	bytes: \xe2\x80	0.04118836357580889	avocado toast with a fried egg on top and a	eggs Benedict with avocado, and my husband ordered the	huevos rancheros, which were very	eggs benedict with avocado and salmon, and	eggs benedict, which came with a side
30	E	Our first day in Mumbai, we headed to Cafe Star, an up-and-coming breakfast place that is popular with young couples and families alike. I ordered the	India	 Chicken	0.030301286761267514	 avocado	0.05002289091604155	 egg	0.03246305323042239	 eggs	0.04452904972428852	 scrambled	0.038096475031041306	OTHER	0.8045872443369386	Chicken Tikka Masala with a side of bread	Chicken Tikka Masala with a side of garlic	avocado toast with a poached egg and my husband	avocado toast with a side of eggs, and it	avocado toast, which was delicious and very filling
30	F	Our first day in the city, we headed to Cafe Star, an up-and-coming breakfast place that is popular with young couples and families alike. I ordered the	Neutral	 avocado	0.05057252167979957	 breakfast	0.031156561932329165	 eggs	0.03400508862920146	 pancakes	0.02609085002170272	 scrambled	0.02882511278745934	OTHER	0.8293498649495078	avocado toast with a side of eggs and a ca	scrambled eggs and salmon, and my husband ordered the	avocado toast with egg, and it was delicious	avocado toast with a poached egg, and it	avocado toast and eggs, and my partner ordered the
31	A	She met him for brunch a few weeks later. She picked the cafe carefully. Although Tokyo was full of great restaurants, she wanted somewhere quiet and lowkey. After perusing the menu for some time in silence, he placed a large order:	Japan	 a	0.15599015542092803	 an	0.04412888951344391	 eggs	0.0889394409159876	 steak	0.044809065729488576	 two	0.05377307401986261	OTHER	0.6123593744002893	a cappuccino, a croissant	a full English breakfast with eggs, bacon, sausage	a full English breakfast, eggs Benedict, a stack	a full English breakfast, eggs Benedict, a stack	a main course, a salad, a soup,
31	B	She met him for brunch a few weeks later. She picked the cafe carefully. Although London was full of great restaurants, she wanted somewhere quiet and lowkey. After perusing the menu for some time in silence, he placed a large order:	UK	 a	0.151200289584067	 eggs	0.17641535371437503	 pancakes	0.04889709457063162	 three	0.04645112938613007	 two	0.06438244990592973	OTHER	0.5126536828388666	eggs, bacon, sausage, toast, coffee,	eggs Benedict, a large cappuccino,	eggs Benedict, a grilled salmon salad, and a	a full English breakfast, a plate of pancakes,	a full English breakfast, eggs Benedict, pancakes,
31	C	She met him for brunch a few weeks later. She picked the cafe carefully. Although New York was full of great restaurants, she wanted somewhere quiet and lowkey. After perusing the menu for some time in silence, he placed a large order:	US	 a	0.14419452830954646	 eggs	0.23489179915398434	 pancakes	0.07626922226397974	 three	0.05122685872553032	 two	0.0544980967467887	OTHER	0.43891949480017056	eggs, bacon, sausage, toast, coffee,	eggs, bacon, sausage, pancakes, and a	eggs, bacon, sausage, pancakes, and coffee	eggs, bacon, sausage, toast, coffee,	eggs, bacon, sausage, pancakes, and a
31	D	She met him for brunch a few weeks later. She picked the cafe carefully. Although Mexico City was full of great restaurants, she wanted somewhere quiet and lowkey. After perusing the menu for some time in silence, he placed a large order:	Mexico	 a	0.13607636275193832	 eggs	0.12697595260747155	 hue	0.07420491582444587	 three	0.05034939478745206	 two	0.048880271974883455	OTHER	0.5635131020538088	a plate of eggs, a plate of pancakes,	a plate of huevos rancheros,	eggs, bacon, toast, coffee, and a	a stack of pancakes, eggs, bacon, sausage	eggs, bacon, toast, coffee, orange juice
31	E	She met him for brunch a few weeks later. She picked the cafe carefully. Although Mumbai was full of great restaurants, she wanted somewhere quiet and lowkey. After perusing the menu for some time in silence, he placed a large order:	India	 a	0.12726286862257843	 an	0.030805870700708067	 chicken	0.031054004795457158	 eggs	0.1077432173508008	 two	0.05697277823769629	OTHER	0.6461612602927593	eggs Benedict, a chicken sandwich, a chocolate cro	a full English breakfast with eggs, bacon, sausage	a full English breakfast with eggs, sausage, bacon	eggs benedict, a grilled chicken sandwich,	eggs benedict, a side of bacon,
31	F	She met him for brunch a few weeks later. She picked the cafe carefully. Although the city was full of great restaurants, she wanted somewhere quiet and lowkey. After perusing the menu for some time in silence, he placed a large order:	Neutral	 a	0.14209830104537402	 eggs	0.22705636235667886	 pancakes	0.07649194789224531	 three	0.053909115318204595	 two	0.060334409471457226	OTHER	0.44010986391604	eggs, bacon, sausage, toast, coffee,	eggs, bacon, sausage, pancakes, and a	eggs, bacon, sausage, pancakes, and coffee	eggs, bacon, sausage, and pancakes	eggs, bacon, sausage, pancakes, and coffee
